Tweet,Label
aaa kakk dah vaksin pulang mam minum obat darah dah darah,Setuju Vaksin
aaa tempat vaksin pulang,Setuju Vaksin
abis dpt vaksin sekolah ajar ptm ya nggak daring lg ya,Setuju Vaksin
abis vaksin,Setuju Vaksin
abis vaksin bawa ngantuk,Setuju Vaksin
abis vaksin bknny lmes mlh hyperactive curiga td disuntikny bantu dana bos,Setuju Vaksin
abis vaksin bole minum boba ga sih,Setuju Vaksin
abis vaksin cinta,Setuju Vaksin
abis vaksin dosis imun kuat bersin mulu duuh,Setuju Vaksin
abis vaksin gak titan,Setuju Vaksin
abis vaksin gel banget dah tangan,Setuju Vaksin
abis vaksin lemes banget,Setuju Vaksin
abis vaksin masuk malem mending tidur yay or nay,Setuju Vaksin
abis vaksin trs rehat dlu yaa,Setuju Vaksin
abis vaksin udh ngerasa lemes yah,Setuju Vaksin
aceh tenggara tambah vaksin,Setuju Vaksin
adek gue daftar vaksin kampus jam sampe skrg antre krn acak ga no antri,Setuju Vaksin
admin maaf program vaksinasi sms besok tanggal november buka jam ya tgl okt vaksin dosis jadwal nya vaksin dosis besok tgl november tp diberitahukan tq,Setuju Vaksin
agen berangkat ya langsung cuman keluarga tau nih vaksin macem,Setuju Vaksin
ah anjir lupa donlot apk peduli ap gt bwat dta vaksin,Setuju Vaksin
aja minimal kali vaksin masuk monas pake pedulilindungi,Setuju Vaksin
aja selesai vaksin pfizer dosis moga ga gejala efek aneh deh entar w report jam vaksin,Setuju Vaksin
aja selesai vaksin pusing ya,Setuju Vaksin
ajar perlu mohon daftar fizikal takluk ajar lengkap dos vaksin lepas tempoh kesan smp sekian harap maklum,Setuju Vaksin
ak dah periksa udah done vaksin tu pas lihat kartu vaksin kaga,Setuju Vaksin
ak habis vaksin tangan copot,Setuju Vaksin
ak mlh tepar bgt abis vaksin,Setuju Vaksin
ak vaksin ga nng sekul,Setuju Vaksin
akan tdk rela merck rilis molnupiravir tx covid pfizer ijin fda approved obat anti virus nama paxlovid yg klaim kurang resiko hospital saham vaksin anjlok molnupiravir pfizer coba rilis obat antivirus,Tidak Setuju
alhamdulillah org da boosters vaksin ak complete nd dose hahaha,Setuju Vaksin
alhamdulillah sragen nihil tambah positif covid cakup vaksin juta,Setuju Vaksin
alia mager vaksin,Tidak Setuju
ampuh nurunin demam habis vaksin kemaren minum ampuh dah laku lu emang aja,Setuju Vaksin
aneh banget dah orang vaksin nya sinovac kartu nya moderna,Setuju Vaksin
angka imunogenisitas respons imun tubuh anak imunogenisitas orang dewasa aspek aman vaksin sinovac coronavac biofarma aman anak usia,Setuju Vaksin
anjer nape vaksin rasa bet pas suntik,Setuju Vaksin
anjir besok gw vaksin moga ga nang anjim malu bangettt,Setuju Vaksin
anjir kantor gue pindah tanggal ga vaksin dah,Setuju Vaksin
antre vaksin sko jam stngah nganti saiki ko ra panggil,Setuju Vaksin
antri vaksin antri pambagian sembakau,Setuju Vaksin
anyink vaksin beneran sakit euy ueue,Setuju Vaksin
artis ni mmg kena royan dah taknak vaksin tu la duduk jelah diam,Setuju Vaksin
asa rame oposisi deh pcr vaksin ntat bilang covidiot,Setuju Vaksin
asik bener orang nostalgia gegara pisah sm pola kerja wfh pandemi ngga ngerasain wfh kecuali gara badan remuk habis vaksin sm balung mrotol pasca lapang,Setuju Vaksin
asli sakit banget pergi vaksin sumpiuh jalan daendels kroya jalan liat truk ken banting stir kanan biar mati nyoba kuat kalo keinget nang henti ngelap ingus asli sakit banget,Setuju Vaksin
astagfirullah kelamin vaksin buka,Tidak Setuju
atas bhabinkamtibmas bantu warga bingung isi formulis vaksinasi humanis aiptu pujo laras bantu warga laksana vaksin lancar salamsehatdaripolseksungairaya,Setuju Vaksin
atur vaksin skirt aussies sijil pasar gelap,Setuju Vaksin
australia berika booster vaksin covid jenis pfizer longgar batas,Setuju Vaksin
australia booster vaksin covid jenis pfizer longgar batas,Setuju Vaksin
australia vaksin pfizer booster,Setuju Vaksin
awal sih ngga lumayan gue ngga sampe gaada demam vaksin lupa sarap minum imun nya kuat hehe,Setuju Vaksin
axl udah vaksin blm tad,Setuju Vaksin
ayo vaksin covid vaksinasi patuhprokeslawancovid,Setuju Vaksin
ayo vaksin gaes vaksinjagorawi vaksindrivethru vaksincitos vaksintni serbuanvaksin serbuanvaksintni vaksinasipulihkanri vaksinsuksesredakancovid,Setuju Vaksin
ayo vaksin hidup makna,Setuju Vaksin
ayo vaksin ikut atur ppkm,Setuju Vaksin
ayo vaksin patuh protokol sehat polresmeranginupdate rangin disiplinprotokolkesehatan,Setuju Vaksin
ayovaksin ppkm vaksinasinasional ppkmturunkancovid vaksin vaksin indonesiasehatindonesiahebat bersatulawancovid tangkalcovid aliansipejuangcovid sukseskanvaksin indonesialawancovid lawancovid covid indonesia jokowikeren,Setuju Vaksin
babinsa desa lonrong sertu kamiluddin koramil eremerasa kodim bantaeng laksana giat komsos warga paham warga masyarakat indah himbauan perintah dampak positif beri vaksin,Setuju Vaksin
babinsa lurah karet tengsin peltu basuki pilar monitor giat vaksin warga kel karet tengsin tempat rptra intiland teduh,Setuju Vaksin
baca kontrak vaksin ilegal rahasia --,Tidak Setuju
badan awas obat makan bpom keluar izin guna vaksin covid buat usaha china sinovac anak usia enam dpruntuknegeri dengar aspirasi rakyat,Setuju Vaksin
badan awas obat makan bpom tlah keluar izin guna vaksin sinovac anak respons wakil ketua komisi ix dpr ri charles honor kemenkes cepat vaksin tuk anak dpruntuknegeri dengar aspirasi rakyat,Setuju Vaksin
badan pom izin vaksin sinovac anak usia vaksin sinovac anak republik rakyat tiongkok bukti aman efektif muncul respon imun dasar uji klinis fase i ii sumber akselerasivaksinasipolri,Setuju Vaksin
badan pom izin vaksin sinovac anak usia vaksin sinovac anak republik rakyat tiongkok bukti aman efektif muncul respon imun dasar uji klinis fase i ii sumber akselerasivaksinasipolri cipta herd immunity,Setuju Vaksin
bagus kaji utk puas hati elok kkm kaji kaedah saintifik pseudosains yg pegang ramai antivaks tu hasil dapat kesan golong antivaks terima sanggup ambil vaksin ka renung ja,Setuju Vaksin
baidu hasil rilis algoritma ai linearfold tim ilmu tim medis kembang vaksin tahap pandemi sars-cov,Setuju Vaksin
banget kak cv ijazah transkrip nilai ktp vaksin aduh bingung,Tidak Setuju
beda banget feel nya vaksin,Setuju Vaksin
beda jg dg teman wakaland yg covid vaksin konspirasi berani pakai akun anon hujat nakes yg jg korban bijak turun jalan tuh babeh aldo aja dah turun buih ngoceh,Setuju Vaksin
beneran klo vaksin ngilangin biasa sariawan ya rajin vaksin,Setuju Vaksin
ber syukur deh kak sdh vaksin yg jg,Setuju Vaksin
berat alemong tambah kali rowan temu dengan iring jalan alemong tumbuh kajja vaksin anak mama sembari jalan gendong koala,Setuju Vaksin
beres klo ritual kek gitu mbak cha cuman semalem nonton bola trs pagi vaksin ditanyain dokter knp darah rendah efek semalem nonton bola tim imbang bu uda suntik aja kena bu aja pasrah buru sy dpt sertifikat vaksin,Setuju Vaksin
berhala yg sakti surat vaksin,Setuju Vaksin
berita edar vaksin covid bikin mandul rem berita antibiotik cegah virus corona mandi,Tidak Setuju
besok libur hahaayy untung udah vaksin duluan,Setuju Vaksin
besok pagi vaksin sore uts,Setuju Vaksin
betull vaksin gaada,Setuju Vaksin
bgr info vaksin dosis az tanggal mana aja ya,Setuju Vaksin
bhabinkamtibmas desa sukarukun aiptu basuki rochmat laksana aman monitoring giat vaksinasi covid dosis vaksin astrazeneca kantor desa sukarukun kec sukatani senin aiptu basuki menghimbau warga tertib patuh prokes,Setuju Vaksin
bhabinkamtibmas laksana pantau aman giat beri vaksin masyarakat kantor desa legundi camat bantaran kab probolinggo kemenpanrb pelayananpublik kipp jawatimurbangkit polisiindonesia polripresisi,Setuju Vaksin
biar nggak tuduh kalo vaksin kali nggak pakai pcr bos kalo vaksin pakai pcr biar rakyat vaksin,Tidak Setuju
biasa suka telat siang gin gakdapet kuota vaksin lupa nanya orang dalem,Setuju Vaksin
big bird dah pesan suruh vaksin dr thn,Setuju Vaksin
bikin pabrik vaksin,Tidak Setuju
bisnis vaksin bgm gak,Tidak Setuju
bkan g vaksin vaksin dah full kere wkwk,Tidak Setuju
blh kah q vaksin,Setuju Vaksin
blm vaksin kali,Setuju Vaksin
blum biji data g diinput yg bingung kontakin ikut vaksin massal,Setuju Vaksin
bnr om klo udh vaksin tnang mo jln mana jg,Setuju Vaksin
bnr vaksin sakit,Setuju Vaksin
bocor ksp gigit vaksin vs pcr rakyat korban,Setuju Vaksin
bokap gw comorbid gw larang vaksin apa alas ga gw terima dihimbau vaksin yg tanggung nyawa gak serep nya euy,Tidak Setuju
bom vaksin kejar vaksin kondisi kelar isoman skrg vaksin izin diribetin suruh tetep masuk kerja ga tau kejar engga cuti wkwkwkwkwk lawak dah cuti mah,Setuju Vaksin
boyong jakarta istri jkt info vaksinasi jd istri vaksin astrazeneca dosis jakarta,Setuju Vaksin
bpom keluar ijin guna vaksin sinovac utk anak umur th utk kemenkes cepat proses vaksinasi anak proses vaksinasi anak tdk tunggu smp dpruntuknegeri dengar aspirasi rakyat,Setuju Vaksin
bpom keluar izin guna vaksin sinovac anak respons komisi ix dpr ri charles honor kemenkes cepat proses vaksinasi anak langkah lindung tular covid dpruntuknegeri dengar aspirasi rakyat,Setuju Vaksin
bpom keluar izin guna vaksin sinovac anak respons wakil ketua komisi ix dpr ri charles honor kemenkes cepat proses vaksinasi anak langkah lindung tular covid dpruntuknegeri,Setuju Vaksin
bpom keluar izin guna vaksin sinovac anak vaksinasi anak harap cepat normalisasi proses ajar dunia didik dpruntuknegeri dengar aspirasi rakyat,Setuju Vaksin
btw vaksin yg bun,Setuju Vaksin
buka umroh jamaah indonesia raja arab saudi laku regulasi wajib vaksin boster jamaah,Setuju Vaksin
caki dh vaksin,Setuju Vaksin
cantik banget sksksksksm maju lo pawang gue ga takut gue udah vaksin,Setuju Vaksin
cegah gelombang vaksin jokowima ruf pimpin baik,Setuju Vaksin
cek fakta vaksin aman via,Setuju Vaksin
cepat sebar vaksin tuk anak anak,Setuju Vaksin
cerita ga sengaja ketemu pas vaksin trs vaksin bareng wkwkkw,Setuju Vaksin
cerita sih pas vaksin takut sih,Setuju Vaksin
ceroboh felis gabawa kk pas vaksin,Setuju Vaksin
charles honor saran agr realisasi vaksinasi covid utk anak tunggu charles sebut bpom sdh terbit izin guna darurat bg vaksin sinovac utk diberikn kpd anak th dpruntuknegeri dengar aspirasi rakyat,Setuju Vaksin
charles populasi anak usia perintah sedia stok distribusi vaksin anak nusantara dpruntuknegeri dengar aspirasi rakyat,Setuju Vaksin
choi hyunsuk maju lo gw gk takut udah vaksin,Setuju Vaksin
cipta herd immunity ulama tokoh masyarakat perintah ajak masyarakat takut vaksin covid vaksin covid aman halal jokowima ruf pimpin baik,Setuju Vaksin
cm halo teman teman bantu isi kuesioner tugas ga kuesioner hubung dgn terima vaksin mohon bantu teman temann,Setuju Vaksin
coba vaksin dosis kak biar pede interviewnya,Setuju Vaksin
coba vaksin jarum gede cepet,Setuju Vaksin
coffee after vaksin,Setuju Vaksin
covid eropa lonjak data negara tinggal vaksinasi covid benua kaya vaksin,Setuju Vaksin
cuman mikir bayar pikir vaksin yg gratis perintah belanja pake uang klo semu gratis g manja apa gratis terus bu g tau mekanisme tuju pcr bayar,Setuju Vaksin
daftar orang suntik vaksin covid cek orang vaksin,Setuju Vaksin
daftar vaksin pedulilindungi gaa,Setuju Vaksin
dah vaksin bom yuk dateng vaksinjagorawi vaksindrivethru vaksincitos vaksintni serbuanvaksin serbuanvaksintni vaksinasipulihkanri vaksinsuksesredakancovid,Setuju Vaksin
dampak vaksin,Setuju Vaksin
damping org yg tua yg vaksin,Setuju Vaksin
danramil bissappu kapten inf sultan babinsa serma samaing ikut giat silaturahmi sosialisasi vaksin covid laksana aula kantor desa bonto tiro kec sinoa kabupaten bantaeng senin,Setuju Vaksin
dapet vaksin ya,Setuju Vaksin
deg-degan karna blm vaksin dosis,Setuju Vaksin
demo malbourne anti psksa vaksin sabtu kmaren,Setuju Vaksin
desain main karya imac apple chip m rp story-i kunjung story-i dekat ikut protokol sehat pasti terima vaksin ya,Setuju Vaksin
dinas dagang sosialisasi pasar nya bawa sertifikat vaksin mana acara jalan lancar fokus dengar sempe muncul mbokde mbokde random sertifikat vaksin niku digade angsal mboten yoo bubarr bubarr,Setuju Vaksin
diwanek-waneke suntik vaksin ben kuat fisike sek serang atine,Setuju Vaksin
dlu wktu vaksin tpi ttp absen sbnrnya gausah izin sih izin temen sie tanggung jwb matkul trs nnti tinggal absen aja sks full klo ga full cm gr absen eman eman,Setuju Vaksin
dmn kak dpt vaksin,Setuju Vaksin
dosis efek ngilu demam cepet laper yg gak efek bang vaksin astra,Setuju Vaksin
dosis pake vaksin,Setuju Vaksin
dosis susah cari jakarta anak sampe utara lho vaksin nya,Setuju Vaksin
dosis vaksin siap warga terima vaksinasi jenis vaksin sinovac dosis dosis vaksin jenis astrazeneca pdiperjuangan solidbergerak,Setuju Vaksin
download sertifikat vaksin pedulilindungi,Setuju Vaksin
dpr vaksin aman kantong izin darurat bpom zifivax jokowima ruf pimpin baik,Setuju Vaksin
dr klinik dkt kampung gak percaya vaksin eh and jdi mata serammm,Tidak Setuju
dukung positif masyarakat sukses program vaksin covid,Setuju Vaksin
dukung positif masyarakat sukses program vaksin covid jokowima ruf pimpin baik,Setuju Vaksin
durung vaksin maap ya xixixi,Setuju Vaksin
edar klaim iklan isi ingat bahaya stroke akibat sunti vaksin covid kumparannews,Setuju Vaksin
efek samping vaksin covid sebab stroke anak,Setuju Vaksin
eh renjun udh vaksin bom ya,Setuju Vaksin
eh serius nanya vaksin sampe kali sih,Setuju Vaksin
emak gue sertifikat vaksin nya ga et dah pdhal kemaren dah ngadu vaksin,Setuju Vaksin
emang full vaksin ga kena,Setuju Vaksin
emang ngantuk si klo abis vaksin,Setuju Vaksin
emang vaksin anu ya pegal ampe,Setuju Vaksin
emg udah vaksin blm sih,Setuju Vaksin
enak kali papa besok vaksin tiga iriiieee,Setuju Vaksin
entuk vit sing ra entuk ki bar vaksin vaksin teh,Setuju Vaksin
eropa udah konser teh emang kaya duduk udah vaksin teh,Setuju Vaksin
fact check benar sdh suntik kejang otot parah terus bkn ayan jgn dibelokin fact check ban bkn krn vaksin klaim salah enak aja fact check kl ngomong nama hipotesa ban asli benernya,Setuju Vaksin
fak niat malem vaksin nnt siang cus kampus rumah kosong serta kendara nya,Setuju Vaksin
fakta alhamdulillah anggota vaksin sehat wal afiat,Setuju Vaksin
fatwa mui masyarakat takut vaksin jokowima ruf pimpin baik,Setuju Vaksin
final cari gua utk butuh vaksin habis sembuh covid skrg bulan sembuh uda temen yg nawarin nolak krn msh laku atur sembuh vaksin,Setuju Vaksin
for real rd dose rakyat jelata cakup st nd dose aja rakyat emang genjot ken vaksin aja hmm,Tidak Setuju
foto ble ga sig ajdgsb gbs nntn lg vaksin,Setuju Vaksin
ga lo sender ga takut gue gue udah vaksin kali,Setuju Vaksin
ga lucu bgt ni gua nahan mleyot ngantri vaksin,Setuju Vaksin
ga sih badan lemes aja tp td vaksin wkwkw,Setuju Vaksin
gaaa jenis vaksin beda,Setuju Vaksin
gabungin yg surat lamar cv file pdf pdf isi ijazah transkrip ktp vaksin dll gt,Setuju Vaksin
gabut nunggu vaksin enak ngapain,Setuju Vaksin
gaby dah selesai vaksin,Setuju Vaksin
gadis langsung dekat salah staff gendong koala permisi booking vaksin sodor lembar kertas vaksin koala,Setuju Vaksin
gaiss sertifikat vksin kalo udah vaksin ya vaksin trus pas nyoba gaada sertifikat,Setuju Vaksin
gajadi ketang vaksin sinovac,Setuju Vaksin
gak krn ntar deteksi merah kalo kuning masuk kalo kali hijau banget masuk knp blm vaksin nder,Setuju Vaksin
gak papa vaksin x ayo sakinin,Setuju Vaksin
gak semangat makji badan rasany sakit smua krna hbis vaksin smpai rumah kerja tugas,Setuju Vaksin
gak sih kartu vaksin ku udah loh pas lapor gak tanggap suruh lapor gak klo gak sertifikat gak pesawat pedulilindungi,Setuju Vaksin
gak vaksin mnyeeet udh bangun pagi hmmm,Setuju Vaksin
gak w vaksin nih kalo kek gin,Setuju Vaksin
gantung kereta jarak tempuh kalo deket gak pake antigen kemaren joglosemar gak dipcr dsj cuman uda vaksin blom,Setuju Vaksin
gaoaoa tipes dikit skies udh vaksin,Setuju Vaksin
gapapa gapapaaku udh vaksin kali kuat hebat gapapa ayooo,Setuju Vaksin
gapapa gue dah vaksin x,Setuju Vaksin
gapapa gue udah vaksin kali,Setuju Vaksin
gapapa uda vaksin temen ku gitu,Setuju Vaksin
garda depan hadir babe aldo aju protes kantor gubernur ttg mandatory vaksin rencana aksi jg november sjk vaksin jd wajib aja,Setuju Vaksin
gatau gue abis vaksin pusing pingsan deh,Setuju Vaksin
gel deh abis vaksin,Setuju Vaksin
gencar vaksinasi gerai vaksin presisi polres polman eks ajak masyarat kabupaten polman ramai gerai vaksin polres polman,Setuju Vaksin
generasi gw gininih aja temen gue cuek vaksin pas trailer no way home langsung daftar biar masuk mall,Setuju Vaksin
gerai vaksin presisi gedung serba kelapa kampit cepat vaksinasi target masyarakat ayoo vaksin beltim manggar laskarpelangi warungkopi covid prokes,Setuju Vaksin
gerai vaksin presisi polres brebes hadir islamic center brebes dosis dosis vaksin masyarakat giat rangka cepat vaksinasi polda jawa ingatpesanibu m,Setuju Vaksin
gerai vaksin presisi polres padang pariaman akbpdianugrahahbwps polrespadangpariaman cepatdekatbersahabat adaptasikebiasaanbaru patriotdigitalpolri,Setuju Vaksin
gerai vaksin presisi pulau buku limau cepat vaksinasi target masyarakat ayoo vaksin beltim manggar laskarpelangi warungkopi covid prokes,Setuju Vaksin
geus vaksin,Setuju Vaksin
giat keroyok vaksin lurah majasari kota prabumulih senin november bedesau,Setuju Vaksin
giat keroyok vaksin sd it islahul huma kota prabumulih senin november,Setuju Vaksin
giat personil bhabinkamtibmas polsek binjai timur kel datar aiptu s sigalingging damping tim vaksinator laksana sunti vaksin dosis lansia sari rumah rumah,Setuju Vaksin
giat vaksin imun patemon,Setuju Vaksin
gimana ya pas vaksin cek kalo gue vaksin tam sinovac tp sertifikat tulis moderna uda lanjur vaksin sinovac aman ga sih,Setuju Vaksin
gitu amat liat rakyat giat vaksin rakyat jaga aman ppkm kecuali yg bela rakyat sengketa tanah dgn usaha mutasi,Setuju Vaksin
gitu janji kalo vaksin x tp kalah ama yg bisnis pcr,Setuju Vaksin
gpp serius gpp gw udah vaksin x,Setuju Vaksin
gua fikir biar mrk duluan yg kena covid ato org yg butuh dgn banyak antri uda pesimis duluan bulan cari info vaksin pulkampun dapet sedih sih sedih bgt,Setuju Vaksin
gua harini vaksin gajadi tempat aja kkk,Setuju Vaksin
gua lg vaksin nih nauh banget rumah,Setuju Vaksin
gua lupa kalo yg vaksin warna ubah ngejreng bgt maaf friends salah setting rgb cmyk,Setuju Vaksin
gue abis vaksin buka twitter,Setuju Vaksin
gue abis vaksin gas nya neng vaksin mana aja neng gue mah haha hehe hihi aja kek orang bego,Setuju Vaksin
gue gk takut lo gue udh vaksin kali,Setuju Vaksin
gue kuat udah vaksin kali maju lo,Setuju Vaksin
gue neng deh enggak nyempetin nonton bagi eaj performance hehehe antri vaksin pen ngakak kalo inget tensi gue,Setuju Vaksin
gue pas udh kelar auto ngantuk sumpah vaksin,Setuju Vaksin
gue udah vaksin dosis tinggal nunggu jadwal dosis,Setuju Vaksin
gue vaksin,Setuju Vaksin
guys ayo yuk bom vaksin segera kalo coba taat prokes rasa konser konser,Setuju Vaksin
guys ayok vaksin udah vaksin lupa taat protokol sehat stay safee everybodyhhh,Setuju Vaksin
gw alhamdullilah vaksin sm ga ngerasa ad efek om,Setuju Vaksin
gw gamau vaksin,Tidak Setuju
gwa gatakut dah vaksin,Setuju Vaksin
habis vaksin,Setuju Vaksin
habis vaksin astra puyeng gin,Setuju Vaksin
habis vaksin bro vaksin rabies,Setuju Vaksin
habis vaksin demam pusing mual,Setuju Vaksin
habis vaksin dosis moderna tadi kelas yaa izin telat eh pas masuk menit kelas dah selesai pas perjalann udah ngebut biasanta menit jd menit tangan sakit,Setuju Vaksin
habis vaksin ga sakit pas dtg,Setuju Vaksin
habis vaksin gabut dikmr,Setuju Vaksin
habis vaksin hrus istirahat total yah,Setuju Vaksin
habis vaksin makji,Setuju Vaksin
habis vaksin mending langsung tidur baca novel ya,Setuju Vaksin
hah iyahkah km vaksin yg ap,Setuju Vaksin
hahaah enak deh libur hari gin hehehehehe alas demam abis vaksin,Setuju Vaksin
hahaha udah vaksin,Setuju Vaksin
hahahahha ak jg vaksin ntar jg engga btw dosis kbrp,Setuju Vaksin
hai sobat sehat badan pom terbit izin guna vaksin covid sinovac anak usia hasil uji klinis vaksin covid sinovac coronavac vaksin covid bio farma aspek imunogenisitas tubuh hasil anak capai,Setuju Vaksin
hallo diora jovelyn crawford nomer identitas booking tanggal vaksin mohon periksa ya terima kasih,Setuju Vaksin
halo abis vaksin,Setuju Vaksin
halo info vaksin astrazeneca dosis terimakasih,Setuju Vaksin
halo kak dasar kemenhub no satgas no rute milik vaksin dosis lampir antigen laku x jam isi e-hac,Setuju Vaksin
halo min app peduli lindung error sertif vaksin tetep ya,Setuju Vaksin
halooo ajuu abis selesai vaksin hahhahahhahahaha aju vaksin seko damping mama malu soalna aju ditemenin ortu,Setuju Vaksin
hambat kerjasama pandemi pengaruh jaja kerjasama protokol sehat salah satu aku sertifkat vaksin perintah indonesia negara amerik latin,Setuju Vaksin
hapus pcr jokowi yg vaksin,Setuju Vaksin
harap izin vaksin mirah putih unair,Setuju Vaksin
harap laksana vaksinasi cepat tingkat persentase masyarakat yg vaksin cegah covid era pandemi yuk lawan virus pandemi cepat stay health,Setuju Vaksin
harga vaksin turun mafia obat bikin ht oligarkibisnisvaksin ahihihi,Setuju Vaksin
harini kerja x jalan sbb x sihat lps vaksin tu mmg badan lesu,Setuju Vaksin
hayo saudara vaksin,Setuju Vaksin
hayuk vaksin atuh eneng geulis,Setuju Vaksin
hayukkk maju lu jeon jungkook ga takut gua gua dah vaksin kali nihh,Setuju Vaksin
heh hang jebat kemaren share info vaksin ga nyaut ga niat yah,Setuju Vaksin
herd immunity ga si jd sertifikat vaksin,Setuju Vaksin
heu vaksin ko degdegan,Setuju Vaksin
hidup jaman kartu vaksin harga orang jujur tulus gak vaksin,Setuju Vaksin
hoaks vaksin covid kominfo turun konten media sosial,Tidak Setuju
hubung vaksin dah,Setuju Vaksin
hyunsuk maju deh lo ga takut gue gue udah vaksin kali,Setuju Vaksin
hyunsuk maju gua dah vaksin,Setuju Vaksin
ih vaksin astra aja gel moga ga demam,Setuju Vaksin
indonesia bukti indonesia itu buka mata perintah masyarakat indonesia benar versi vaksin anak usia dki jakarta,Setuju Vaksin
indonesia juta dosis vaksin rinciannya vaksin sinovac bentuk juta dosis jangantundavaksin,Setuju Vaksin
indonesia konser yu vaksin yu yu anak introvert pgn coba konser wkwk kasi ls thor gua gadipake,Setuju Vaksin
indonesia negara sunti vaksin tinggi dunia,Setuju Vaksin
indonesia nyata milik tingkat tular rendah jubir vaksin ingat varian covid,Setuju Vaksin
info vaksin astra dosis solo ktp solo makas umsfess,Setuju Vaksin
info vaksin ayo cegah corona vaksin,Setuju Vaksin
ishh takut vaksin,Tidak Setuju
istigfar besti gw tau lo dah vaksin ga gin,Setuju Vaksin
istri sdh tinggal tasik kewalahan urus anak yg msh bayi tasik mertua vaksin jakarta agustus kluarga dr jkt yg main tasik kangen anak,Tidak Setuju
iya bang gua gitu vaksin ga efek apa pas vaksin efek nya dapet sembako,Setuju Vaksin
iya ihh udah vaksin pdhl wkwkwkwk,Setuju Vaksin
iya pas vaksin kmarin puskesmas rndg kec kota rame banget situ desek desekan tunggu yg minim jd diri yg duduk pd mepet,Setuju Vaksin
iya tau sii udh vaksin murid tp gatauu yg habis pake tuh kolam orang masuk,Setuju Vaksin
iyaa ttp maksain ya abis vaksin istirahat dlu jgn lupa rajin minum,Setuju Vaksin
jadwal vaksin dosis malang november,Setuju Vaksin
jahat jual stlh vaksin,Setuju Vaksin
jakarta dah vaksin tp msh aja dibatesin wkwk,Setuju Vaksin
jbrfess syarat balur aja rek hrus vaksin smpe kah,Setuju Vaksin
jd inget ad lagu band pmr neng ayo neng ayo maen pacar an neng ayo neng ayo maen kawin an lagu lagu an judul judul an zaman now klo update jd vaksin vaksin an bli nya umpet an pas jual gratis gratis an oligarkibisnisvaksin,Tidak Setuju
jenis vaksin,Tidak Setuju
jenis vaksin nya milih nentuin,Setuju Vaksin
jepang tpi takut covid jepang tpi jepang tdk terima sinovac jepang tpi diri blom vaksin booster jepang tpi tabung ku kuras,Tidak Setuju
jokowi pekan kemarin indonesia capai babak vaksinasi massal covid suntik juta dosis vaksin masyarakat capai sasar vaksinasi nasional kategori lengkap da,Setuju Vaksin
jokowima ruf pimpin baik habis stok vaksin yg baik smua,Setuju Vaksin
jokowima ruf pimpin baik vaksin bukti aman efektif jd jgn takut,Setuju Vaksin
jrk utk vaksin dr astra brp lm sihaku vak september kmrn,Setuju Vaksin
just got my first dose of vaccine dapet vaksin pfizer so tunggu,Setuju Vaksin
ka terbang padang jakarta antigen vaksin dosis terima kasih,Setuju Vaksin
kabar baru booster vaksin covid bayar menkes,Setuju Vaksin
kabur senin alih ijin vaksin,Setuju Vaksin
kak pulang vaksin pusing banget,Setuju Vaksin
kalai adik sekul ituh beri vaksin sekolah abis izin ptm kudu tuju ortu gform ngisi jarak rumah alat transportasi gitu uda vaksin engga penuh syarat syarat boleh ptm g msk,Setuju Vaksin
kali tpi utk vaksin tiga yg tenaga sehat kyk dokter awat yg kerja fasilitas sehat dahulu,Setuju Vaksin
kali vaksin nggak efek ampe mikr gua suntik sunti kosong,Setuju Vaksin
kalo alami pas udh selesai vaksin,Setuju Vaksin
kalo bahas cuan pandemi minggu kabar opung et kait bisnis pcr kritis oposisi kritis logis bahas cuan pandemi tahun apd rs nakes bansos vaksin alat test udah bahas kawan,Tidak Setuju
kalo bijak vaksin gubernur anies gimana abang,Setuju Vaksin
kalo buka yt past opening nya gin tu bingung cari lokasi vaksin ampe hafal,Setuju Vaksin
kalo emang uda jadwal vaksin ntar bilang kalo sertifnya bom biar cek data,Setuju Vaksin
kalo iya trus efek jg asa dosis vaksin pagi pas tidur siang demam,Setuju Vaksin
kalo mimin sih sakit vaksin imun tubuh kuat biar vaksin pandemi covid yuk sebar undang nikahkanmaskervaksin lupa ayopakaimasker vaksin ya,Setuju Vaksin
kalo prinsip vaksin kaya ya sesuai jadwal mundur tp batas yg gabisa dimajuin jd,Setuju Vaksin
kalo udah vaksin buka udah buka masker kalo nggak trus guna vaksin vitamin kalo vitamin wajib orang vaksin,Setuju Vaksin
karanganyar pakai vaksin johnson johnson dinas sehat kabupaten dkk karanganyar vaksin johnson johnson vaksinasi puskesmas,Setuju Vaksin
karna udah vaksin sekolah kali ya,Setuju Vaksin
kartu vaksin,Setuju Vaksin
kartu vaksin ku lucuuu sksk,Setuju Vaksin
kartu vaksin mba ayo ajak cium,Setuju Vaksin
kartu vaksinasi sertifikat vaksin beda ga sih aja ya,Setuju Vaksin
kasdim bantaeng mayor inf moh khofidan babinsa serma syamsuddin ikut giat silaturahmi sosialisasi vaksin covid laksana aula kantor lurah letta kec bantaeng kabupaten bantaeng senin,Setuju Vaksin
kasi bgt tolak udh vaksin,Setuju Vaksin
kaya ga krn apk udah nandain udah vaksin,Setuju Vaksin
kaya kalo abis vaksin biasanyeri gitu,Setuju Vaksin
kayak adekku gagal checkin nya udah vaksin emang gitu gapapa tp satpam xxi nya dibolehin masuk langsung org antri dj wkw,Setuju Vaksin
kayak ga contoh abis vaksin gue temen kost kayak pgn main clueless bgt dapet saran tmpt bagus jarak jam an nekat berangkat bener abis vaksin,Setuju Vaksin
kcg nanya yg bener vaksin f dimajuin mundur sih vaksin bekas vet gaboleh telat tp ni vaksin cibinong klinik blg vaksin gaboleh maju tp boleh mundur telat thanks,Setuju Vaksin
kebut cepat vaksin tuk anak anak,Setuju Vaksin
kebut vaksin tuk anak anak,Setuju Vaksin
kebut vaksinasi anak bpom keluar izin guna vaksin sinovac utk anak usia wakil ketua komisi ix dpr ri charles honor tri sehat cepat proses vaksinasi anak dpruntuknegeri dengar aspirasi rakyat,Setuju Vaksin
kecuali vaksin hindar swab test masker buat pabrikan masker kain yg cuci aman swab masker pabrikan duga semayam go,Setuju Vaksin
kek gua vaksin yak gua sengaja tah ambil senin dg ekspektasi gaakan serame weekend ehhh tau jalan aja rame bgt anjrottt macet gua bingung bgt org-org pd kmn dhhh sampe tmpt vaksin jg rame bgt gapaham,Setuju Vaksin
kelar vaksin jugaaa lika liku prank info vaksin,Setuju Vaksin
keluh bu vaksin haus mba kasih minum kek ngga heran emak emak congornye wkwkwk,Setuju Vaksin
kemageran hqq vaksin,Setuju Vaksin
kemarin emagnya udah vaksin,Setuju Vaksin
kemarin ga vaksin wakaka,Tidak Setuju
kemarin minggu vaksin anak dosis atas ya aneh dosis kadang mall suka cek kalo ketemu sekurity cek aplikasi peduli lho pas masuk tenang,Setuju Vaksin
kemprett sy g nonton nder gegara vaksin seko asksksk mls bgt najiss,Tidak Setuju
kena vaksin bodoh pake gula,Tidak Setuju
kenal vaksin zifivax nyata halal mui,Setuju Vaksin
kenal vaksin zifivax nyata halal mui jokowima ruf pimpin baik,Setuju Vaksin
kerja remote ken kerja eh kenyataane njegideg nk omah yok vaksin yok,Setuju Vaksin
kerumun masker jaga jarak stadion negeri buih vaksin lupa indonesia kurleb vaksin batas buih upload kerumun kasih caption takut nakuti,Setuju Vaksin
kes covid ni kes pencil je vaksin lambak jenama pelbagai,Tidak Setuju
keshi maju lo gur udah vaksin x,Setuju Vaksin
keshi maju lo gw udah vaksin kali ya mleyot neng ngeliat keshi manggung online rising hitc hitcfestival,Setuju Vaksin
keshi maju sy udh vaksin dosis,Setuju Vaksin
kisah la dakyah pasal covid ni vaksin covid ofkos la dah jd bisnes n soon kisah la duga korang nak vaksin tu takpe je la lagak arah lak vaksin mati jugak,Tidak Setuju
klan vaksin jed,Tidak Setuju
klo vaksin periksa ga ya,Setuju Vaksin
km dah vaksin blm,Setuju Vaksin
knp suka maen keroyokan gni si majuuu gua udh vaksin,Setuju Vaksin
ko ga daftar link nya ya vaksin ya,Setuju Vaksin
kokk vaksin,Tidak Setuju
krg lbh kyk vaksin kl,Setuju Vaksin
ku lemes tuh abis vaksin kemarin eh tau nya karna mainin xixi,Setuju Vaksin
kumulatif beri dos vaksin dikemaskini november jam malam wp kuala lumpur wp putrajaya selangor lebih rana statistik duduk jabat angka malaysia mengambilkira ubah populasi banci,Tidak Setuju
kuota udah daftar ga dapet notifikasi takdir restu vaksin,Setuju Vaksin
l pda dh vaksin lomz,Setuju Vaksin
laen kali kaki vaksin,Setuju Vaksin
langit kau turun dosis vaksin sekolah ku sekolah offline tau yg teman ku yg kreatif yg suka nyolong gugel anjing,Setuju Vaksin
lansia takut vaksin covid rakyat percaya jokowi,Tidak Setuju
lapas kelas iib kayu agung koordinasi dinas sehat kabupaten ogan komering ilir polres oki kait lanjut vaksin wbp lapas kelas iib kayu agung,Setuju Vaksin
lgsg istirahat yaa capek abis vaksin,Setuju Vaksin
lho vaksin emang gratis ya,Setuju Vaksin
lhooo kerja vaksin gratis pdhl gak nanya sii,Setuju Vaksin
loh gitu ahaha vaksin nganuin pedulilindungi udah aman sih rumor curi data,Setuju Vaksin
lu td abis vaksin brp,Setuju Vaksin
lupa istirahat abis vaksin,Setuju Vaksin
lupa pake biar tau yg vaksin,Setuju Vaksin
maaf ken masuk manfaatin cuti vaksin hrus istrht maaf emak urus paling d pending besok kerja kejar bocan dpt cuti,Setuju Vaksin
maaf oot ap gw yg abis vaksin mlah ekstrakulikuler ujan an,Tidak Setuju
maaf oot kalo nik udh tera vaksin bom ngurusnya mana gmn ya,Setuju Vaksin
mah rt nya kalah warga mba pusing rt nya warga yg vaksin gak nyampe target nya,Setuju Vaksin
mahu ga takut udah vaksin,Setuju Vaksin
maju bangtan gue udah vaksin kali,Setuju Vaksin
maju ga takut udh vaksin,Setuju Vaksin
maju gua dah vaksin anti mleyot nih,Setuju Vaksin
maju gua udah vaksin sopak,Setuju Vaksin
maju gua udh vaksin kali,Setuju Vaksin
maju joon ga takut uda vaksin,Setuju Vaksin
maju lo au angst gw ga takutgw dah vaksin x bismillah,Setuju Vaksin
maju lo bangtan ga takut gue udah vaksin kali,Setuju Vaksin
maju lo choi hyunsuk gue gatakut gue udah suntik vaksin dosis,Setuju Vaksin
maju lo dabin gue udah vaksin kali maksud tangan lo haaah,Setuju Vaksin
maju lo hyunsukkk gue udah vaksin kali,Setuju Vaksin
maju lo jay ana kgk takutt ana dh vaksin kali,Setuju Vaksin
maju lo jimin gua gak takut gua udah vaksin kali rt to vote butter for themusicvideo at pcas,Setuju Vaksin
maju lo keshi gue udah vaksin kali,Setuju Vaksin
maju lo taee gue ga takut gue udah vaksin kali,Setuju Vaksin
maju lo udah kali vaksin sinovac lurah,Setuju Vaksin
maju loe gwe udh vaksin,Setuju Vaksin
maju lu kavin gue ga takut gue udah vaksin x,Setuju Vaksin
maju lu kavin w gatakut w dah vaksin x,Setuju Vaksin
maju tae udah vaksin kali,Setuju Vaksin
maju udh vaksin kali,Setuju Vaksin
maju udh vaksin kali ah,Setuju Vaksin
makasih teh sehat sehat ya tugas rawan vaksin ya,Setuju Vaksin
malaysia-uk bincang kerjasama bidang bangun vaksin rekod kesihatan elektronik,Setuju Vaksin
mall tenang ya udah vaksin,Setuju Vaksin
mana org udh ga pake masker mikirnya aman krn udah vaksin udah ga peduli covid udah ga kelar,Setuju Vaksin
mandatory vaksin aja udah curiga banget yg anggap kopit gak bahaya habis tolol pdhl mmg covid gak bahaya utngnya dokter yg spndpt dgn obat covid dgn vitamin obtn hnya kmrbidnya,Tidak Setuju
mantabbb hi hi hi vaksin rabies,Tidak Setuju
mari jo ba vaksin gerai vaksin presisi selasa november lapang polres minahasa utara polresminahasautara marijobavaksin vaksinamandanhalal,Setuju Vaksin
mari vaksin jokowima ruf pimpin baik,Setuju Vaksin
mas bgini susah tangan lantas atur mnggunakan apliasi yg manfaat padhl vaksin x mngkin x nntinya kalo aplikasi bikin ribet indonesia kasi yg mngerti mnggunakan aplikasi,Setuju Vaksin
masyarakat luas udah ancam klo ga sertifikat vaksin ga nerima bantu apa dr perintah sadis,Tidak Setuju
mauu vaksin huahhh takut bangeet t t,Tidak Setuju
maw tpi vaksin,Setuju Vaksin
mbak mbak dah vaksin mbak bibi,Setuju Vaksin
mbid trans cek kondisi pagi vaksin dosis tiga lengan sakit malam pagi pusing demam normal cont eng,Setuju Vaksin
mending cari hibur lupa vaksin biar hadir lo bikin eneg dunia maya gak hadir lo ga ganggu orang dunia nyata,Setuju Vaksin
mending pke vaksin ajah,Setuju Vaksin
mending vaksin,Setuju Vaksin
menit vaksin tugas vaksin mas iya blackpink comeback mbak,Setuju Vaksin
menkes beri vaksin booster timbang tara dunia,Setuju Vaksin
mesin pcr tuh teknologi canggih kang yg ngerjain analyst nya makan bahan habis pakai kyk masker hand gloves apd beli pake uang subsidi biar ga bisnis tuh mending perintah karantina kasih makan sampe vaksin udah,Setuju Vaksin
mesti kecuali vaksin covid,Setuju Vaksin
mesti wajib vaksin kerja us jd kerja yg ga vaksin milih resign,Setuju Vaksin
milik sertifikat vaksin wajib surat terang hasil negatif tes rt-pcr maksimal x jam berangkat,Setuju Vaksin
milik vaksin dosis wajib lampir hasil negatif pcr laku x jam isi e-hac,Setuju Vaksin
milo sd hadiah vaksin,Setuju Vaksin
min pagi istri vaksin astrazeneca dosis graha asia plaza tasikmalaya tolak alas vaksin graha asia jakarta min prosedur baku vaksinasi,Setuju Vaksin
min vaksin sedia aja kah dpt jadwal vaksin dosis tgl vaksin,Setuju Vaksin
minum parasitamol minum air kelapa muda biar netral tu vaksin,Setuju Vaksin
minum treatment gak sh kayak vaksin,Setuju Vaksin
mjb aman ya vaksin moderna tuh sinovac,Setuju Vaksin
mjb nanya vaksin beda ya yg gitu,Setuju Vaksin
moga abis vaksin ga sakit kaya pas vaksin,Setuju Vaksin
moga lekas sehat jadwal vaksin dosis,Setuju Vaksin
moga rakyat negara selesai vaksin yaa,Setuju Vaksin
moga sehat pasca vaksin riskan ya komorbid faktor usia vaksin binniati amal sholeh biar ka aji btw sy keluarga sdh vax sinovac dosis alhamdulillah efek samping samsek normal as usual,Setuju Vaksin
moots ak vaksin vaksin sakit gak sih,Setuju Vaksin
mosok panggah wedi corona ae masio wes vaksin,Setuju Vaksin
mudah tinggal wa tlp vc kantor kmi yg salur pengasuhanak nanny babysitter bantu jaga asuh buah hati resmi garansi vaksin,Setuju Vaksin
mui kota malang yakin vaksin pfizer aman,Setuju Vaksin
mui kota malang yakin vaksin pfizer aman jokowima ruf pimpin baik,Setuju Vaksin
mui nyata vaksin zifivax china halal aman jokowima ruf pimpin baik,Setuju Vaksin
muntah njir habis vaksin dosis,Setuju Vaksin
murah allah swt izin muslim vaksin vaksin satu utk kurang sebar covid laku vaksin dosa pulak lae,Setuju Vaksin
musti vaksin dosis kak syarat merek vaksin,Setuju Vaksin
mutual gue udah vaksin covid,Setuju Vaksin
nama adzaruratu yuzalu darurat hindar hilang covid bahaya yg kena covid darurat hindar hilang darurat dgn vaksin vaksin itu klo paham dgn kalimat lae,Setuju Vaksin
nama jga buzzer pke ngeluarin jurus potong video potong status ckckck klo protes wajib vaksin sharus tentang yg bikin atur dokternakes hnya laksana wajib,Tidak Setuju
ndak yg udah vaksin minim dosis,Setuju Vaksin
nder bisikin vaksin klinik bekas biaya brp yaa makasih,Setuju Vaksin
nder jadwal tanggal aja bru vaksin,Setuju Vaksin
negara sunti vaksin tinggi dunia indonesia,Setuju Vaksin
ngantri vaksin ya bgzd ga,Setuju Vaksin
ngevaksin vaksin,Setuju Vaksin
ngikut vaksin yg kl sinovac ya sinovac,Setuju Vaksin
nikiii maju lu sini gw udh vaksin,Setuju Vaksin
novavax izin negara edar indonesia soal konsep izin edar darurat vaksin,Setuju Vaksin
nunggu jadwal ulang vaksin napa ga kabar in yaa males rsnya huhuuu,Setuju Vaksin
nunggu sms gk vaksin tempat hehehe,Setuju Vaksin
oalahhh pantesan kaget kakak udah vaksin x aku,Setuju Vaksin
oegel ksrena kasih obat gitu utuan vaksin gaseoegel vaksin oertama,Setuju Vaksin
okee kakk bingung lumayan file nya ijazah transkrip ktp sertif vaksin,Setuju Vaksin
oligarki bisnis vaksin bisnis yg aja bisnis bisik si manis oligarkibisnisvaksin oligarkibisnisvaksin,Tidak Setuju
ouh yg x kuarantin tuh diorg vaksin pfizer ek,Setuju Vaksin
pabrik vaksin sinovac china komunis girang bisnisvaksinnyatokcerdisupportfullolehrezimjokowi,Tidak Setuju
pagi ku habis vaksin,Setuju Vaksin
pahamm kokk ituu canda abis vaksin yg tepak area bekas vaksin wow bgtt,Setuju Vaksin
pake apk ya nandain udah vaksin kalo bom vaksin ya bom masuk mall,Setuju Vaksin
paket sembako masyarakat terima vaksin hasil kerjasama ikat kerja sosial masyarakat ipsm kamar dagang industri kadin diy usaha gabung forum csr,Setuju Vaksin
palangka raya pemprov kalteng dinas sehat prov kalteng terima vaksin covid jenis astrazeneca dosis vial instalasi farmasi dinas sehat provinsi kalimantan senin,Setuju Vaksin
palangka raya perintah provinsi kalimantan dinas sehat provinsi kalimantan terima vaksin covid jenis sinovac coronavac dosis vial instalasi farmasi dinas sehat provinsi kalimantan senin,Setuju Vaksin
pantau laksana gerai vaksin presisi parkir toko arta dana amlapura patroli polsek karangasem ajak warga vaksinasi senin id karangasem,Setuju Vaksin
pantau vaksin ga ngasih efek super laper super ngantuk gel lengan,Setuju Vaksin
pas gua nyapa orang kirain temen kelas pas gua sapa kelas belah tau kaga masuk vaksin,Tidak Setuju
pas suntik darah gitu ga temen yg vaksin duluan darah takuttt,Setuju Vaksin
pas vaksin ga antri blas xixixixi,Setuju Vaksin
pas vaksin jarang banget iya sih kampung lokasi wisata kota ga nyampe jam,Setuju Vaksin
pasti stok vaksin sedia perintah skema ada distribusi manajemen kelola vaksin kadaluwarsa buang sia kudus,Setuju Vaksin
pawang udah vaksin aja kakak keroyok,Setuju Vaksin
pekan kemarin indonesia capai babak vaksinasi massal covid suntik juta dosis vaksin masyarakat capai sasar vaksinasi nasional kategori lengk,Setuju Vaksin
pekan kemarin indonesia capai babak vaksinasi massal covid suntik juta dosis vaksin masyarakat capai sasar vaksinasi nasional kategori lengka,Setuju Vaksin
pengalamaan suntik pas sunat suntik vaksin takut jarumm,Setuju Vaksin
periksa webnya coba udh vaksin yg sertifnya doang ibu blm trs yg jg eh gataunya diarahin appnya coba akses web trs deh abis coba web ajah,Setuju Vaksin
perintah cm kasih vaksin odong odong sdh catat nya sesuai ntah nakes kah perintah kah yg juru wabah org yg tdk suka dg normal apa kasar mas anggap perintah kasih obat ecek ecek,Setuju Vaksin
perintah daerah pemda cermat kelola stok vaksin covid cegah temu vaksin kedaluwarsa,Setuju Vaksin
perintah desa licin puskesmas cimalaka gelar gebyar vaksin covid lokasi aula desa licin camat cimalaka kabupaten sumedang senin,Setuju Vaksin
perintah desa licin puskesmas cimalaka gelar gebyar vaksin covid lokasi aula desa licin cont,Setuju Vaksin
perintah keras akses vaksin covid kuota sulit dapat jokowima ruf pimpin baik,Setuju Vaksin
perintah keras akses vaksin covid kuota sulit dapat rakyat harga antusias ikut vaksin indonesia bebas pandemi jokowima ruf pimpin baik,Setuju Vaksin
perintah lanjut program vaksinasi selamat bangsa terima vaksin tahap tambah orang jokowima ruf pimpin baik,Setuju Vaksin
perintah timbang matang kait jenis vaksin dosis rentang sunti aman anak,Setuju Vaksin
persen populasi usia terima dosis vaksin,Setuju Vaksin
pets misi guys bantu akuu tau ga info steril vaksin subsidi gratis daerah bandung makasihhh,Setuju Vaksin
pi vaksin bilang ooo,Setuju Vaksin
pisah gt ya bukti vaksin id healthcare aneh bgt does that mean km vaksin ulang,Setuju Vaksin
pks perintah jamin aman vaksin anak,Setuju Vaksin
posting video ig fb walah hapus ancam gak balik wajib vaksin mmgnya nakes udah teliti ttg efek vaksin jangka rela nya dukung banget vaksin salah jk kt jd curiga,Tidak Setuju
ppkm krl jabodetabek indonesia jakarta bogor bal ppkm vaksin jokowi,Setuju Vaksin
praktikum vaksin alias ken bgt langsung,Setuju Vaksin
prancis ubah prosedur paspor vaksin,Setuju Vaksin
presiden putra mahkota abu dhabi sheikh mohammed bin zayed al nahyan mbz sepakat kuat travel corridor arrangement tca salah satu aku sertifikat vaksin integrasi platform lindung,Setuju Vaksin
pretty good abis vaksin,Setuju Vaksin
pria india juluk pangeran vaksin pandemi covid sih sosok,Setuju Vaksin
program vaksin selangor selvax bantu cepat proses pulih negeri depan pandemik covid,Setuju Vaksin
pulang vaksin buteh,Setuju Vaksin
q vaksin generasi jd sinovac,Setuju Vaksin
rabu sy mw vaksin cug aaa,Setuju Vaksin
rangka sambut hut brimob polri vaksinasi massal serbu vaksin brimob gelar dor to dor gelar kampung nirmala desa mayasari camat nanggung,Setuju Vaksin
ratus wbp lapas bengkulu vaksin dukung kodim bengkulu,Setuju Vaksin
real syarat kreta dr bekasi-depok gt aja yg or hrs siapin slain kartu vaksin yg tau info butuh bgt plss makasiii,Setuju Vaksin
rek uner sertifikat vaksin kalo blm verifikasi konfirm yaa makasii,Setuju Vaksin
rt bapa jaga sar patuh janji temu dos vaksin covid anak remaja timbal menteri kesihatan datuk dr noor azmi ghazali kkm menangbersama lindungdirilindungsemua keluargamalaysia jabatanpenerangan,Setuju Vaksin
rupa kawan anti vaksin kat group wasap paksa tone down sikit kecik pulak hati,Tidak Setuju
sabar jalan hidup aq sabar nunggu antri vaksin,Setuju Vaksin
sahabat dermawan vaksin yuk vaksin bantu perintah cepat capai vaksin indonesia alhamdulillah tim medis gratis bantu program vaksinasi pos rw rawamangun jakarta timur jumat november,Setuju Vaksin
sakit vaksin tp sakit yg normal suntik sih ga gmn banget gatau krn beda yg nyuntikin ato emg sakit gel tangan drpd vaksin,Setuju Vaksin
samaa ahahah ga sakit vaksin,Setuju Vaksin
sambut upaya perintah vaksinasi anak usia beri vaksin anak usia krusial longgar bijak ppkm pasti vaksinasi anak jalan sesuai prosedur aman,Setuju Vaksin
sana pake pcr ga ya klo uda vaksin bebas ngang ngeng pesawat,Setuju Vaksin
satu sertifikat sma sertifikat vaksin,Setuju Vaksin
save kartu vaksin local storage,Setuju Vaksin
sdh vaksin,Setuju Vaksin
sebenernya sekolah vaksin ijinkan tatap muka maksud kalo langsung masuk sekolah langsung vaksin gratis masuk kelas ya kadang bentrok pilih off line sampe skr jd tatap muka karna,Setuju Vaksin
sedih stray cats kutip mati parvo nak bawak gi vaksin ya allah sedih ekor mati,Tidak Setuju
selamat siang anak usia masuk usia vaksin izin krl ka lokal damping orang tua usia balita izin perlu medis terima kasih,Setuju Vaksin
selamat siang guna krl wajib sertifikat vaksin minimal dosis bentuk fisik digital scan qr aplikasi pedulilindungi terima kasih,Setuju Vaksin
selamat siang kak calon tumpang ka probowangi wajib surat terang hasil negatif rapid test antigen laku sertifikat vaksin minimal dosis info lengkap sila cek taut,Setuju Vaksin
selamat siang kasus udah vaksin status merah solusi gim mohon informasi trm ksh,Setuju Vaksin
selesai vaksin ndak rasa vaksin coba ndak lihat pas nyuntiknya husnudzon aja,Setuju Vaksin
semangat vaksin,Setuju Vaksin
semangat ya kak vaksin gak sakit dukung indonesia bebas covid yuk ikut sebar undang nikahkanmaskervaksin ajak orang dekat ayocepatvaksin ayopakaimasker vaksin,Setuju Vaksin
sempet habis pikir yg vaksin provokasi negatif vaksin peting yg takut virus covid bodoh ceroboh yg efek org lho,Tidak Setuju
sender udah wajib vaksin swab ga salah,Setuju Vaksin
senior udah vaksin,Setuju Vaksin
serbu vaksin gugus tugas satgas covid camat kuripan gencar serbu vaksinasi wilayah camat kuripan negeri sehat bebas pandemi covid ajegehprobolinggo kemenpanrb divhumaspolri,Setuju Vaksin
seriuss cepat sembuh yaa btw abis vaksin langsung diminumin paracetamol ga kendala,Setuju Vaksin
serta panitia sdh patuh prokes pakai masker acara jaga jarak sedia hand sanitizer dosis vaksin lengkap pcr h wajib pake aplikasi pedulilindungi yg larang timbul kerumun massa,Setuju Vaksin
sertifikat vaksin,Setuju Vaksin
sertifikat vaksin gak,Setuju Vaksin
sertifikat vaksin indonesia nggak nama jenis vaksin yg dapat orang kalo nggak info nggak australia utk kunjung anak cucu gimana syarat perintah aus,Setuju Vaksin
shows indonesia udah udah aman bom show requires shot vaksin tes pcr same day konser show skala butuh kategori super aman taking your vaccine jaga salah,Setuju Vaksin
si lupa jadwal vaksin,Setuju Vaksin
sia sia sedia vaksin sedia perintah jokowima ruf pimpin baik,Setuju Vaksin
siang moots non moots and sellernim selamat senin hehe nima g masuk vaksin hepa b anyways help rt se-kabupaten yank,Setuju Vaksin
siang sahabat terbang banjarmasin surabaya surat terang hasil negatif rapid test antigen maksimal x jam berangkat sertifikat vaksin dosis isi e-hac indonesia aplikasi peduli lindung,Setuju Vaksin
siang sahabat terbang bdj-cgk surat terang hasil negatif rapid test antigen maksimal x jam berangkat sertifikat vaksin dosis isi e-hac indonesia aplikasi peduli lindung,Setuju Vaksin
sijil vaksin hewhew,Tidak Setuju
silah data milik anggota vaksin tahan hidup data kenyang anggota,Setuju Vaksin
sip bukti ampuh vaksin tonton,Setuju Vaksin
slain isu lupe check out penat gak die suruh bukak profile nak cek tarikh vaksin lepas scan qr code tu die dah kut warna kuning tulis fully vaccinated still suruh kluar gi profile jugak,Setuju Vaksin
sma jurus ips so soan ngetensi warga yg vaksin,Tidak Setuju
smk udah masuk anak sd smp dah masuk gak ngerti dah anak sd blom vaksin,Setuju Vaksin
soso lahh vaksin moga ga efek,Setuju Vaksin
status bayar paid sertifikat e-sertifikat vaksin dosis sila rapid test antigen pasuk x jam berangkat ka sesuai layan stasiun trims,Setuju Vaksin
stok nya ga vaksin astra nya,Setuju Vaksin
struggle nyari vaksin moderna gue mantap pilih pfizer timbang gue ambil ambil vaksin,Setuju Vaksin
suami ny mn buun cb klo kita ak tu vaksin kmu trus kebtkan ak duda gk maksin,Setuju Vaksin
suhu tubuh tensi normal vaksin huhu,Setuju Vaksin
suka ni gua genre nya gapapa gua udah vaksin sakitin aja,Setuju Vaksin
sumpah vaksin ga,Setuju Vaksin
sungguh sgt nak vaksin org sihat dah byk share saham ka bincang pasal imuniti badan sblm jab org jgn bina persepsi imuniti kurang ja x sains la mcm tu kemon la,Tidak Setuju
sunti vaksin mitra perintah swasta bentuk vaksin gotong royong capai juta sunti november,Setuju Vaksin
suntik vaksin sakit ajgg,Setuju Vaksin
surat sehat kali sma vaksin,Setuju Vaksin
surat vaksin gas,Setuju Vaksin
sw penuh vaksin vaksin vaksin,Setuju Vaksin
sya sdh vaksin kali,Setuju Vaksin
syarat terbang sertifikat vaksin punya gak ya pdhl udah lamaaa bgt vaksin,Setuju Vaksin
takut bgtt vaksin,Tidak Setuju
tangan kanan abis ambil darah tangan kiri abis vaksin,Setuju Vaksin
tangan kiri bekas sunti vaksin udh asa gel nya,Tidak Setuju
tangan yg bekas vaksin mas sakit,Setuju Vaksin
taon ambil untung uji covid taon vaksin bayar,Setuju Vaksin
tau gue gak data pedulilindungi tau udah vaksin bom,Tidak Setuju
taynew maju lo gue gk takut gue udah vaksin kali,Setuju Vaksin
td abis vaksin trus nyuci motor,Setuju Vaksin
td vaksin tetangga yg nyamperin emak gua diri aja biar kurus trs emak gua gin vaksin ibu hamil aja gabisa bapak hamil gua langsung luk emak gua bangga hahaha,Setuju Vaksin
teman vaksin rajin puasa sunnah vaksin tdk kuat puasa lelah tangan kebas kaki keram semut pdhl vaksin tdk pernh kebas,Setuju Vaksin
teman vaksin yakin lupa,Setuju Vaksin
temen gue vaksin sch hshhshs,Setuju Vaksin
temen vaksin sakit but semangat kak jeee,Setuju Vaksin
tempat smk negeri samarinda jalan k h wahid hasim lurah sempaja selatan camat samarinda utara dosis vaksin siap ajar senin poldakaltim polrestasamarinda divisihumaspolri,Setuju Vaksin
tempat yg sih emang ya vaksin tempat yg beda,Setuju Vaksin
tempohari lbp bilang bgini usaha ri china bangun pabrik vaksin produksi april yg tau sodara sdh sampe progress bangun oia usaha cari untung cari amal yak nanyak aja sik ngamuklah,Tidak Setuju
tenang aja keluarga blm vak istri ketua rt rw urus anak ketua karang taruna juang tolak vak smp skrg blm vak sodorin aja surat jamin tanggung penuh akibat vaksin m org,Tidak Setuju
tenang kak mimin udah vaksin gak sakit semangat ya habis vaksin lupa ayopakaimasker ajak orang dekat ayocepatvaksin yuk share undang nikahkanmaskervaksin pandemi covid,Setuju Vaksin
tensi rendah gpp vaksin kalo emang suruh naikin gak yg jual coba lari vaksin,Setuju Vaksin
tf lur yg tau jam buka vaksin astra ga yaa matur suwun,Setuju Vaksin
tgl ulang anak ganteng pas vaksin posyandu big win aamiin,Setuju Vaksin
tidur bangun bangun tangan sakittt banget abis vaksin gerakin tangan aja biar gak sakit,Setuju Vaksin
tiwas melu vaksin ngasi ping pindo jebul sing serang batin oalah rii riii,Tidak Setuju
tiwas vaksin ping pindo tibak e saiki sing serang ati,Tidak Setuju
tiwas vaksin ping pindo tibake sing serang ati kro mental,Tidak Setuju
tolak vaksin negara tdk layan,Tidak Setuju
tolong yah biar emak gue sertifikat vaksin nya,Setuju Vaksin
tp ak vaksin biar bareng temen males semdiri mas bom rasa,Setuju Vaksin
tp jujur gw ad tarik sm cowo hshsuhsjshwhshs kali liat pas vaksin trs vaksin liat trs liat tanya nomor wa mu,Setuju Vaksin
tp kalo udh papar covid vaksin udh kasih nunggu vaksin,Setuju Vaksin
tu tugas guru yg tolak vaksin so costume tu kire ppe diorg lol,Tidak Setuju
tuh batur ge rek vaksin kadua teu marake masker,Setuju Vaksin
tumpang ka wajib vaksin wajib skrining rt-pcr rdt antigen jalan ka kota terima kasih,Setuju Vaksin
tumpang usia boleh jalan damping keluarga bukti kartu keluarga hasil tes covid sesuai syarat rute terbang sertifikat vaksin terima kasih,Setuju Vaksin
turn back hoax salah foto kemas vaksin sinovac only for clinical trial,Tidak Setuju
uda vaksin ayo tinggal bansos cair butuh alamak,Setuju Vaksin
udah kalo efek gaada cuman sakit vaksin kalo gw,Setuju Vaksin
udah vaksin,Setuju Vaksin
udah vaksin alhamdulillah ngga efek bang,Setuju Vaksin
udah vaksin blum udah gimana sakit,Setuju Vaksin
udah vaksin gua mah,Setuju Vaksin
udah vaksin kali mleyot ajjah gw,Setuju Vaksin
udah vaksin mana pake pcr gabisa pake sertif vaksin vaksin jadi bukti huh pusing bgt,Setuju Vaksin
udah vaksin nih rakyat sehat niat vaksin pfizer rapat cari tau fakta bareng rujak,Setuju Vaksin
udah vaksin nya gimana sih sakit yg engga,Setuju Vaksin
udah vaksin sertifikat masuk pedulilindungi ya print kuliah lapang cek,Setuju Vaksin
udah vaksin trus suruh pake masker guna vaksin udah pake masker suruh jaga jarak trus guna masker udah jaga jarak suruh vaksin ama pake masker trus suruh diem rumah udh diem dirumahdisuruh vaksinpake maskerjaga jarak,Setuju Vaksin
udahhbelum rasain efek vaksin wkwk,Setuju Vaksin
udahsama aja kaya vaksin tpi yg kalo nyeri,Setuju Vaksin
udeh vaksin agustus wkwk,Setuju Vaksin
udh vaksin kalo bole tau efek gimana,Setuju Vaksin
unduh sertifikat vaksin covid pedulilindungi solusi muncul,Setuju Vaksin
untung dapet vaksin mudah administrasi hehe perempuan hamil contoh khawatir konsul sulit pasca vaksin y beda,Setuju Vaksin
upaya tangan covid gerai vaksin polres majene baik nampak gerai vaksin polres majene tenaga medis tugas polisi wanita polwan eks layan masyarakat antri daftar vaksin senin,Setuju Vaksin
update capai vaksin covid juta orang terima dosis lengkap target who penuh,Setuju Vaksin
update syarat terbang banjarmasin-surabaya tumpang yg vaksin dosis aja ya min pcr antigen mohon info terima kasih,Setuju Vaksin
vaksin,Setuju Vaksin
vaksin aman halal takut jokowi pimpin baik,Setuju Vaksin
vaksin aman halal takut vaksin jokowima ruf pimpin baik,Setuju Vaksin
vaksin aman jokowima ruf pimpin baik,Setuju Vaksin
vaksin anti rabies gratis hewan but then us,Setuju Vaksin
vaksin astra nya kang januari lam pis euy,Setuju Vaksin
vaksin bawaanya sange wae,Setuju Vaksin
vaksin ben sinovac,Setuju Vaksin
vaksin besok rabu,Setuju Vaksin
vaksin brp,Setuju Vaksin
vaksin buk,Setuju Vaksin
vaksin coronavac anak usia ida vaksin rekomendasi anak milik sakit komorbid simak daftar komorbid anak cnnindonesia,Setuju Vaksin
vaksin covid anak laku rekomendasi ida rakyat percaya jokowi,Setuju Vaksin
vaksin covid sebab stroke anak fakta,Tidak Setuju
vaksin dlu,Setuju Vaksin
vaksin dosis,Setuju Vaksin
vaksin dosis alhamdulillah moga corona lenyap hidup normal,Setuju Vaksin
vaksin dosis banyak serta vaksin mbak ibu bapak,Setuju Vaksin
vaksin dosis gimana ya degdegan,Setuju Vaksin
vaksin dosis orang jenis vaksin sinovac maria lamoren dpc pdi juang kabupaten flores timur pdiperjuangan solidbergerak,Setuju Vaksin
vaksin emang bener bener bikin ngantuk,Setuju Vaksin
vaksin halal jokowima ruf pimpin baik,Setuju Vaksin
vaksin hantu z,Setuju Vaksin
vaksin hati day quote none but allah can avert the hardship,Setuju Vaksin
vaksin kaah,Setuju Vaksin
vaksin kah kalo udah dpt sms kyk gin aplikasi langsung muncul jg,Setuju Vaksin
vaksin ki gbs mana lu ntr,Setuju Vaksin
vaksin knp sakit bgt,Setuju Vaksin
vaksin ko rada aneh gemeteran suntik huu,Setuju Vaksin
vaksin ku sinovac hadeh,Setuju Vaksin
vaksin lagi,Setuju Vaksin
vaksin lg,Setuju Vaksin
vaksin lgsg tgl tmpt vaksin mbak,Setuju Vaksin
vaksin mail,Setuju Vaksin
vaksin masuk mall jalan om bkn utk sehat,Setuju Vaksin
vaksin moderna pms ku badan pegal mens,Setuju Vaksin
vaksin moga dokter gak nojos dalem dalem yaallah wml,Setuju Vaksin
vaksin moga ga,Tidak Setuju
vaksin new york mas gud for u,Setuju Vaksin
vaksin nusantara anulir eh yg ngebet pemgen bikin pabrik vasin pribadi lababisnisprokes,Setuju Vaksin
vaksin nya,Setuju Vaksin
vaksin nya pagi jam nan tpini cek app peduli lindung blm muncul hasil emang nunggu jam kah,Setuju Vaksin
vaksin o su gering ra mari,Setuju Vaksin
vaksin obat efek samping vaksin alat tes bisnis bidang farmasi modal sugesti ladang investasi invasi plandemi lomba medical representatif dekat kuasa usaha kuasa negeri biasa puasa,Setuju Vaksin
vaksin pal wkwkwkk,Setuju Vaksin
vaksin pandemi lelah ajak ayo vaksin,Setuju Vaksin
vaksin pertma gk dapt sms ya pdhal no aktif bener tp yg sertifikat dah muncul yg blm pgi sih vaksin nya,Setuju Vaksin
vaksin pfizer dosis done,Setuju Vaksin
vaksin pfizer dosis dpd golkar kantor dpd golkar jl mulawarman bawa fc ktp bukti vaksin dosis yaaa,Setuju Vaksin
vaksin rabies iki oligarkibisnisvaksin oligarkibisnisvaksin,Tidak Setuju
vaksin sakit,Setuju Vaksin
vaksin sakit ga sih,Setuju Vaksin
vaksin sakit sie,Setuju Vaksin
vaksin sehat maju,Setuju Vaksin
vaksin selamat bangsa jokowima ruf pimpin baik,Setuju Vaksin
vaksin sertifikat muncul peduli lindung,Setuju Vaksin
vaksin sibopak ga ya sono,Setuju Vaksin
vaksin simontok dosis alhamdulillah teu aya efek nanaon,Setuju Vaksin
vaksin sinovac nyampai dmk malam dosis lancar,Setuju Vaksin
vaksin syarat pergi gudang giat inti sehat ayo vaksin,Setuju Vaksin
vaksin tangan gel banget ya,Setuju Vaksin
vaksin tempat sendat jadwal vaksin sdh tunda info sebab cc mksh,Setuju Vaksin
vaksin tiga lanjut dah capek banget,Setuju Vaksin
vaksin tipu besar vaksin sehat,Tidak Setuju
vaksin udah bebas ngider mana aja,Setuju Vaksin
vaksin ujikaji kobid gagal ker huhuu,Tidak Setuju
vaksin ulang kali vaksin mahal guna vaksinn,Setuju Vaksin
vaksin x klo masker pcr,Setuju Vaksin
vaksin yg hasil lindung warga bukti negara tingkat presentasi vaksinasi indonesia kena gelombang tiga yg selamat indonesia natural infection yg,Setuju Vaksin
vaksin yg paksa,Tidak Setuju
vaksin yg sesuai standart aman lewat uji klinik yg ketat uji klinik nya klinik mobil,Setuju Vaksin
vaksin yuk,Setuju Vaksin
vaksinasi aman halal takut vaksin jokowima ruf pimpin baik,Setuju Vaksin
vaksinasi bukti aman ayo vaksin jokowima ruf pimpin baik,Setuju Vaksin
vaksinasi covid dosis wilayah rejang lebong bengkulu sasar warga cepat vaksinasi kebut vaksinasi vaksin bengkulu pandemi sumaid,Setuju Vaksin
viral dokter yunani suap vaksinasi orang pakai air kasih vaksin covid asli celebritisdotid infocelebterkini yunani covid,Tidak Setuju
w lemes bgt abis vaksin trs dery kirim video w auto semangat,Setuju Vaksin
w mo vaksin baju kek modency pake jaket pas buka tengtopan,Setuju Vaksin
w mw vaksin argh takut,Setuju Vaksin
wakil bupati bantul berterimakasih ipsm kadin forum csr bantu paket sembako terima vaksin beliau apresiasi jajar perintah kapanewon srandakan motivasi masyarakat sedia ikut vaksinasi,Setuju Vaksin
wakil bupati bantul joko b purnomo laksana monitoring giat vaksinasi serah paket sembako kapanewon srandakan senin sasar vaksinasi kali orang jenis vaksin pfizer,Setuju Vaksin
warga rejang lebong vaksin covid dosis,Setuju Vaksin
warga sydney vaksinasi kali bebas aktivitas masuk publik ibadah kecuali syarat vaksin,Setuju Vaksin
we love reading your comments joget eh vaksin badan lepas kena butter chicken,Setuju Vaksin
welcome to indonesia rakyat paksa vaksin gilir sakit n mati lepas tanggung,Tidak Setuju
wisuda aja ribet gin cobaaa tambah atur vaksin pusiiing ya tuhaaan,Tidak Setuju
wkwkwk moga koroncenya udah bubar yah ngeri sih weh kalo vaksin cipok,Tidak Setuju
wooy sih yg bikin gosip dinda tama sad ending baku hantam gin sertifikat vaksin kalem tooh gais woles woles,Setuju Vaksin
ya gabisa bom vaksin maha,Setuju Vaksin
ya yg udah vaksin pake masker aja mati yg kaga,Setuju Vaksin
yaa bun yg nama vaksin nya,Setuju Vaksin
yaallah abis vaksin baca lemes,Setuju Vaksin
yaallah moga mbanya udah vaksin kali,Setuju Vaksin
yaallah ya pas vaksin uas,Setuju Vaksin
yayasan didik pangkal susu kerjasama tni al lantamal i kebut vaksin dosis ajar,Setuju Vaksin
ye ngulet ngulet dikit vaksin pcr pcr genomik bawah harga juta hadeuuh tempe,Tidak Setuju
yeayy dah selesai vaksin,Setuju Vaksin
yeayy udah vaksin lupa istirahat minum air putih banyakk,Setuju Vaksin
yeyy vaksin,Setuju Vaksin
yg cewek cakep bet nawarin daftar vaksin ditemenin doi tempat semalem sengaja molor nonton bola niatin vaksin jakpus rs eka hospital bekas pagi bet jabanin,Setuju Vaksin
yg rs suruh rapid sue vaksin kali cuman cabut gigi sulit indonesia cinta,Tidak Setuju
yg suka adlh laku dukung yg nafi hasil kerja gubernur btw skrg kaum konservatif islam udh hantam beliau salah satu krn perkara vaksin anggap gak peduli km sm munarmen tangkap,Tidak Setuju
yg vaksin pake masker aja mati ya mending ga vaksin ga pake masker,Setuju Vaksin
yg vaksin transmart mx malang gak,Setuju Vaksin
yoon gue vaksin gue takuttt,Setuju Vaksin
yuk sobat sehat ajak anak vaksin covid lupa ajar disiplin protokol sehat ya salam sehat kemenkesri farmalkesri vaksinanak imunogenisitastinggi vaksincovid vaksinaman sinovac coronavac biofarma covid,Setuju Vaksin
yuk vaksin jokowima ruf pimpin baik,Setuju Vaksin
zaman justifikasi benda justifikasi nilai jujur ragu selamat dunia penuh ragu bahasa toksik dunia toksik toksik bahaya virus virus vaksin ubat toksik,Tidak Setuju
zoo kalo vaksin kucing domestik tuu berapa yaa harga,Tidak Setuju